record_id,paper_id,source_project,issue_url,title,body,comments,created_at,updated_at,state,symptom,root_cause,bug_type,component,sub_component,trigger_condition,consequence,fix_type,severity_or_impact,original_label_json,source_file,source_sheet,source_row_index
fse2021_an_exploratory_study_of_autopilot:f487529d98e03aa9,fse2021_an_exploratory_study_of_autopilot,Ardupilot,https://github.com/ArduPilot/ardupilot/issues/12921,https://github.com/ArduPilot/ardupilot/issues/12921,,,,,,,,,,,,,,,"{""stage"": ""stage2""}",data/raw_stage1/fse2021_an_exploratory_study_of_autopilot/bugSetAndTaxonomy-3_2.zip,bugTaxonomy/3rd iteration(result).xlsx,65.0
fse2021_an_exploratory_study_of_autopilot:978d3b8a7a5376f1,fse2021_an_exploratory_study_of_autopilot,Ardupilot,https://github.com/ArduPilot/ardupilot/pull/10041,https://github.com/ArduPilot/ardupilot/pull/10041,,,,,,,,,,,,,,,"{""stage"": ""stage2""}",data/raw_stage1/fse2021_an_exploratory_study_of_autopilot/bugSetAndTaxonomy-3_2.zip,bugTaxonomy/3rd iteration(result).xlsx,66.0
fse2021_an_exploratory_study_of_autopilot:694ab29e4086c251,fse2021_an_exploratory_study_of_autopilot,Ardupilot,https://github.com/ArduPilot/ardupilot/pull/10170,https://github.com/ArduPilot/ardupilot/pull/10170,,,,,,,,,,,,,,,"{""stage"": ""stage2""}",data/raw_stage1/fse2021_an_exploratory_study_of_autopilot/bugSetAndTaxonomy-3_2.zip,bugTaxonomy/3rd iteration(result).xlsx,67.0
fse2021_an_exploratory_study_of_autopilot:8fda016e3f86ae90,fse2021_an_exploratory_study_of_autopilot,Ardupilot,https://github.com/ArduPilot/ardupilot/pull/10233,https://github.com/ArduPilot/ardupilot/pull/10233,,,,,,,,,,,,,,,"{""stage"": ""stage2""}",data/raw_stage1/fse2021_an_exploratory_study_of_autopilot/bugSetAndTaxonomy-3_2.zip,bugTaxonomy/3rd iteration(result).xlsx,68.0
fse2021_an_exploratory_study_of_autopilot:77b875accba72df8,fse2021_an_exploratory_study_of_autopilot,Ardupilot,https://github.com/ArduPilot/ardupilot/pull/10397,https://github.com/ArduPilot/ardupilot/pull/10397,,,,,,,,,,,,,,,"{""stage"": ""stage2""}",data/raw_stage1/fse2021_an_exploratory_study_of_autopilot/bugSetAndTaxonomy-3_2.zip,bugTaxonomy/3rd iteration(result).xlsx,69.0
fse2021_an_exploratory_study_of_autopilot:1e528668fc7e2946,fse2021_an_exploratory_study_of_autopilot,Ardupilot,https://github.com/ArduPilot/ardupilot/pull/10404,https://github.com/ArduPilot/ardupilot/pull/10404,,,,,,,,,,,,,,,"{""stage"": ""stage2""}",data/raw_stage1/fse2021_an_exploratory_study_of_autopilot/bugSetAndTaxonomy-3_2.zip,bugTaxonomy/3rd iteration(result).xlsx,70.0
fse2021_an_exploratory_study_of_autopilot:fd4c61d3ff95dd39,fse2021_an_exploratory_study_of_autopilot,Ardupilot,https://github.com/ArduPilot/ardupilot/pull/10456,https://github.com/ArduPilot/ardupilot/pull/10456,,,,,,,,,,,,,,,"{""stage"": ""stage2""}",data/raw_stage1/fse2021_an_exploratory_study_of_autopilot/bugSetAndTaxonomy-3_2.zip,bugTaxonomy/3rd iteration(result).xlsx,71.0
fse2021_an_exploratory_study_of_autopilot:02cac67ef9b05f39,fse2021_an_exploratory_study_of_autopilot,Ardupilot,https://github.com/ArduPilot/ardupilot/pull/10539,https://github.com/ArduPilot/ardupilot/pull/10539,,,,,,,,,,,,,,,"{""stage"": ""stage2""}",data/raw_stage1/fse2021_an_exploratory_study_of_autopilot/bugSetAndTaxonomy-3_2.zip,bugTaxonomy/3rd iteration(result).xlsx,72.0
fse2021_an_exploratory_study_of_autopilot:56edb5fbf87af58c,fse2021_an_exploratory_study_of_autopilot,Ardupilot,https://github.com/ArduPilot/ardupilot/pull/10958,https://github.com/ArduPilot/ardupilot/pull/10958,,,,,,,,,,,,,,,"{""stage"": ""stage2""}",data/raw_stage1/fse2021_an_exploratory_study_of_autopilot/bugSetAndTaxonomy-3_2.zip,bugTaxonomy/3rd iteration(result).xlsx,73.0
fse2021_an_exploratory_study_of_autopilot:d7b1395854c93136,fse2021_an_exploratory_study_of_autopilot,Ardupilot,https://github.com/ArduPilot/ardupilot/pull/11059,https://github.com/ArduPilot/ardupilot/pull/11059,,,,,,,,,,,,,,,"{""stage"": ""stage2""}",data/raw_stage1/fse2021_an_exploratory_study_of_autopilot/bugSetAndTaxonomy-3_2.zip,bugTaxonomy/3rd iteration(result).xlsx,74.0
fse2021_an_exploratory_study_of_autopilot:5166592c6d4d9060,fse2021_an_exploratory_study_of_autopilot,Ardupilot,https://github.com/ArduPilot/ardupilot/pull/11110,https://github.com/ArduPilot/ardupilot/pull/11110,,,,,,,,,,,,,,,"{""stage"": ""stage2""}",data/raw_stage1/fse2021_an_exploratory_study_of_autopilot/bugSetAndTaxonomy-3_2.zip,bugTaxonomy/3rd iteration(result).xlsx,75.0
fse2021_an_exploratory_study_of_autopilot:159abd25bc11e98e,fse2021_an_exploratory_study_of_autopilot,Ardupilot,https://github.com/ArduPilot/ardupilot/pull/11208,https://github.com/ArduPilot/ardupilot/pull/11208,,,,,,,,,,,,,,,"{""stage"": ""stage2""}",data/raw_stage1/fse2021_an_exploratory_study_of_autopilot/bugSetAndTaxonomy-3_2.zip,bugTaxonomy/3rd iteration(result).xlsx,76.0
fse2021_an_exploratory_study_of_autopilot:89ffcc9af3435472,fse2021_an_exploratory_study_of_autopilot,Ardupilot,https://github.com/ArduPilot/ardupilot/pull/11237,https://github.com/ArduPilot/ardupilot/pull/11237,,,,,,,,,,,,,,,"{""stage"": ""stage2""}",data/raw_stage1/fse2021_an_exploratory_study_of_autopilot/bugSetAndTaxonomy-3_2.zip,bugTaxonomy/3rd iteration(result).xlsx,77.0
fse2021_an_exploratory_study_of_autopilot:ba5c4f77bb851f82,fse2021_an_exploratory_study_of_autopilot,Ardupilot,https://github.com/ArduPilot/ardupilot/pull/11315,https://github.com/ArduPilot/ardupilot/pull/11315,,,,,,,,,,,,,,,"{""stage"": ""stage2""}",data/raw_stage1/fse2021_an_exploratory_study_of_autopilot/bugSetAndTaxonomy-3_2.zip,bugTaxonomy/3rd iteration(result).xlsx,78.0
fse2021_an_exploratory_study_of_autopilot:692cf52606889fbd,fse2021_an_exploratory_study_of_autopilot,Ardupilot,https://github.com/ArduPilot/ardupilot/pull/11361,https://github.com/ArduPilot/ardupilot/pull/11361,,,,,,,,,,,,,,,"{""stage"": ""stage2""}",data/raw_stage1/fse2021_an_exploratory_study_of_autopilot/bugSetAndTaxonomy-3_2.zip,bugTaxonomy/3rd iteration(result).xlsx,79.0
fse2021_an_exploratory_study_of_autopilot:f789fa99c2e89bfb,fse2021_an_exploratory_study_of_autopilot,Ardupilot,https://github.com/ArduPilot/ardupilot/pull/11563,https://github.com/ArduPilot/ardupilot/pull/11563,,,,,,,,,,,,,,,"{""stage"": ""stage2""}",data/raw_stage1/fse2021_an_exploratory_study_of_autopilot/bugSetAndTaxonomy-3_2.zip,bugTaxonomy/3rd iteration(result).xlsx,80.0
fse2021_an_exploratory_study_of_autopilot:46e860152d0ddc7a,fse2021_an_exploratory_study_of_autopilot,Ardupilot,https://github.com/ArduPilot/ardupilot/pull/11645,https://github.com/ArduPilot/ardupilot/pull/11645,,,,,,,,,,,,,,,"{""stage"": ""stage2""}",data/raw_stage1/fse2021_an_exploratory_study_of_autopilot/bugSetAndTaxonomy-3_2.zip,bugTaxonomy/3rd iteration(result).xlsx,81.0
fse2021_an_exploratory_study_of_autopilot:48167845031044b0,fse2021_an_exploratory_study_of_autopilot,Ardupilot,https://github.com/ArduPilot/ardupilot/pull/11693,https://github.com/ArduPilot/ardupilot/pull/11693,,,,,,,,,,,,,,,"{""stage"": ""stage2""}",data/raw_stage1/fse2021_an_exploratory_study_of_autopilot/bugSetAndTaxonomy-3_2.zip,bugTaxonomy/3rd iteration(result).xlsx,82.0
fse2021_an_exploratory_study_of_autopilot:e27a7e35b97da3b3,fse2021_an_exploratory_study_of_autopilot,Ardupilot,https://github.com/ArduPilot/ardupilot/pull/11728,https://github.com/ArduPilot/ardupilot/pull/11728,,,,,,,,,,,,,,,"{""stage"": ""stage2""}",data/raw_stage1/fse2021_an_exploratory_study_of_autopilot/bugSetAndTaxonomy-3_2.zip,bugTaxonomy/3rd iteration(result).xlsx,83.0
fse2021_an_exploratory_study_of_autopilot:361a7143728c7e93,fse2021_an_exploratory_study_of_autopilot,Ardupilot,https://github.com/ArduPilot/ardupilot/pull/11730,https://github.com/ArduPilot/ardupilot/pull/11730,,,,,,,,,,,,,,,"{""stage"": ""stage2""}",data/raw_stage1/fse2021_an_exploratory_study_of_autopilot/bugSetAndTaxonomy-3_2.zip,bugTaxonomy/3rd iteration(result).xlsx,84.0
fse2021_an_exploratory_study_of_autopilot:947e09b02301f744,fse2021_an_exploratory_study_of_autopilot,Ardupilot,https://github.com/ArduPilot/ardupilot/pull/11856,https://github.com/ArduPilot/ardupilot/pull/11856,,,,,,,,,,,,,,,"{""stage"": ""stage2""}",data/raw_stage1/fse2021_an_exploratory_study_of_autopilot/bugSetAndTaxonomy-3_2.zip,bugTaxonomy/3rd iteration(result).xlsx,85.0
fse2021_an_exploratory_study_of_autopilot:7187987084ce8630,fse2021_an_exploratory_study_of_autopilot,Ardupilot,https://github.com/ArduPilot/ardupilot/pull/12134,https://github.com/ArduPilot/ardupilot/pull/12134,,,,,,,,,,,,,,,"{""stage"": ""stage2""}",data/raw_stage1/fse2021_an_exploratory_study_of_autopilot/bugSetAndTaxonomy-3_2.zip,bugTaxonomy/3rd iteration(result).xlsx,86.0
fse2021_an_exploratory_study_of_autopilot:83c22ec8f2f7a0cf,fse2021_an_exploratory_study_of_autopilot,Ardupilot,https://github.com/ArduPilot/ardupilot/pull/12150,https://github.com/ArduPilot/ardupilot/pull/12150,,,,,,,,,,,,,,,"{""stage"": ""stage2""}",data/raw_stage1/fse2021_an_exploratory_study_of_autopilot/bugSetAndTaxonomy-3_2.zip,bugTaxonomy/3rd iteration(result).xlsx,87.0
fse2021_an_exploratory_study_of_autopilot:fbfc27961efcad85,fse2021_an_exploratory_study_of_autopilot,Ardupilot,https://github.com/ArduPilot/ardupilot/pull/12205,https://github.com/ArduPilot/ardupilot/pull/12205,,,,,,,,,,,,,,,"{""stage"": ""stage2""}",data/raw_stage1/fse2021_an_exploratory_study_of_autopilot/bugSetAndTaxonomy-3_2.zip,bugTaxonomy/3rd iteration(result).xlsx,88.0
fse2021_an_exploratory_study_of_autopilot:e3beb9bc31547e4e,fse2021_an_exploratory_study_of_autopilot,Ardupilot,https://github.com/ArduPilot/ardupilot/pull/12232,https://github.com/ArduPilot/ardupilot/pull/12232,,,,,,,,,,,,,,,"{""stage"": ""stage2""}",data/raw_stage1/fse2021_an_exploratory_study_of_autopilot/bugSetAndTaxonomy-3_2.zip,bugTaxonomy/3rd iteration(result).xlsx,89.0
fse2021_an_exploratory_study_of_autopilot:e74a4de40ab5bce3,fse2021_an_exploratory_study_of_autopilot,Ardupilot,https://github.com/ArduPilot/ardupilot/pull/12253,https://github.com/ArduPilot/ardupilot/pull/12253,,,,,,,,,,,,,,,"{""stage"": ""stage2""}",data/raw_stage1/fse2021_an_exploratory_study_of_autopilot/bugSetAndTaxonomy-3_2.zip,bugTaxonomy/3rd iteration(result).xlsx,90.0
fse2021_an_exploratory_study_of_autopilot:2693457b1e64786f,fse2021_an_exploratory_study_of_autopilot,Ardupilot,https://github.com/ArduPilot/ardupilot/pull/12326,https://github.com/ArduPilot/ardupilot/pull/12326,,,,,,,,,,,,,,,"{""stage"": ""stage2""}",data/raw_stage1/fse2021_an_exploratory_study_of_autopilot/bugSetAndTaxonomy-3_2.zip,bugTaxonomy/3rd iteration(result).xlsx,91.0
fse2021_an_exploratory_study_of_autopilot:964ba95f9fc5fbba,fse2021_an_exploratory_study_of_autopilot,Ardupilot,https://github.com/ArduPilot/ardupilot/pull/12365,https://github.com/ArduPilot/ardupilot/pull/12365,,,,,,,,,,,,,,,"{""stage"": ""stage2""}",data/raw_stage1/fse2021_an_exploratory_study_of_autopilot/bugSetAndTaxonomy-3_2.zip,bugTaxonomy/3rd iteration(result).xlsx,92.0
fse2021_an_exploratory_study_of_autopilot:e440b26bf7f3fccc,fse2021_an_exploratory_study_of_autopilot,Ardupilot,https://github.com/ArduPilot/ardupilot/pull/12685,https://github.com/ArduPilot/ardupilot/pull/12685,,,,,,,,,,,,,,,"{""stage"": ""stage2""}",data/raw_stage1/fse2021_an_exploratory_study_of_autopilot/bugSetAndTaxonomy-3_2.zip,bugTaxonomy/3rd iteration(result).xlsx,93.0
fse2021_an_exploratory_study_of_autopilot:beceeef1648604ad,fse2021_an_exploratory_study_of_autopilot,Ardupilot,https://github.com/ArduPilot/ardupilot/pull/12687,https://github.com/ArduPilot/ardupilot/pull/12687,,,,,,,,,,,,,,,"{""stage"": ""stage2""}",data/raw_stage1/fse2021_an_exploratory_study_of_autopilot/bugSetAndTaxonomy-3_2.zip,bugTaxonomy/3rd iteration(result).xlsx,94.0
fse2021_an_exploratory_study_of_autopilot:912f8d49983025df,fse2021_an_exploratory_study_of_autopilot,Ardupilot,https://github.com/ArduPilot/ardupilot/pull/12696,https://github.com/ArduPilot/ardupilot/pull/12696,,,,,,,,,,,,,,,"{""stage"": ""stage2""}",data/raw_stage1/fse2021_an_exploratory_study_of_autopilot/bugSetAndTaxonomy-3_2.zip,bugTaxonomy/3rd iteration(result).xlsx,95.0
fse2021_an_exploratory_study_of_autopilot:98c76113e4ee2c38,fse2021_an_exploratory_study_of_autopilot,Ardupilot,https://github.com/ArduPilot/ardupilot/pull/12697,https://github.com/ArduPilot/ardupilot/pull/12697,,,,,,,,,,,,,,,"{""stage"": ""stage2""}",data/raw_stage1/fse2021_an_exploratory_study_of_autopilot/bugSetAndTaxonomy-3_2.zip,bugTaxonomy/3rd iteration(result).xlsx,96.0
fse2021_an_exploratory_study_of_autopilot:ff16b42337fca5eb,fse2021_an_exploratory_study_of_autopilot,Ardupilot,https://github.com/ArduPilot/ardupilot/pull/12799,https://github.com/ArduPilot/ardupilot/pull/12799,,,,,,,,,,,,,,,"{""stage"": ""stage2""}",data/raw_stage1/fse2021_an_exploratory_study_of_autopilot/bugSetAndTaxonomy-3_2.zip,bugTaxonomy/3rd iteration(result).xlsx,97.0
fse2021_an_exploratory_study_of_autopilot:62c78513891f73ce,fse2021_an_exploratory_study_of_autopilot,Ardupilot,https://github.com/ArduPilot/ardupilot/pull/12895,https://github.com/ArduPilot/ardupilot/pull/12895,,,,,,,,,,,,,,,"{""stage"": ""stage2""}",data/raw_stage1/fse2021_an_exploratory_study_of_autopilot/bugSetAndTaxonomy-3_2.zip,bugTaxonomy/3rd iteration(result).xlsx,98.0
fse2021_an_exploratory_study_of_autopilot:ebc49f296ebafd27,fse2021_an_exploratory_study_of_autopilot,Ardupilot,https://github.com/ArduPilot/ardupilot/pull/12896,https://github.com/ArduPilot/ardupilot/pull/12896,,,,,,,,,,,,,,,"{""stage"": ""stage2""}",data/raw_stage1/fse2021_an_exploratory_study_of_autopilot/bugSetAndTaxonomy-3_2.zip,bugTaxonomy/3rd iteration(result).xlsx,99.0
fse2021_an_exploratory_study_of_autopilot:88e703efff0de040,fse2021_an_exploratory_study_of_autopilot,Ardupilot,https://github.com/ArduPilot/ardupilot/pull/12922,https://github.com/ArduPilot/ardupilot/pull/12922,,,,,,,,,,,,,,,"{""stage"": ""stage2""}",data/raw_stage1/fse2021_an_exploratory_study_of_autopilot/bugSetAndTaxonomy-3_2.zip,bugTaxonomy/3rd iteration(result).xlsx,100.0
fse2021_an_exploratory_study_of_autopilot:8dc1cd9b9eb00757,fse2021_an_exploratory_study_of_autopilot,Ardupilot,https://github.com/ArduPilot/ardupilot/pull/13081,https://github.com/ArduPilot/ardupilot/pull/13081,,,,,,,,,,,,,,,"{""stage"": ""stage2""}",data/raw_stage1/fse2021_an_exploratory_study_of_autopilot/bugSetAndTaxonomy-3_2.zip,bugTaxonomy/3rd iteration(result).xlsx,101.0
fse2021_an_exploratory_study_of_autopilot:fa07b5a0233aa2d0,fse2021_an_exploratory_study_of_autopilot,Ardupilot,https://github.com/ArduPilot/ardupilot/pull/13137,https://github.com/ArduPilot/ardupilot/pull/13137,,,,,,,,,,,,,,,"{""stage"": ""stage2""}",data/raw_stage1/fse2021_an_exploratory_study_of_autopilot/bugSetAndTaxonomy-3_2.zip,bugTaxonomy/3rd iteration(result).xlsx,102.0
fse2021_an_exploratory_study_of_autopilot:6f804c007249dfca,fse2021_an_exploratory_study_of_autopilot,Ardupilot,https://github.com/ArduPilot/ardupilot/pull/13193,https://github.com/ArduPilot/ardupilot/pull/13193,,,,,,,,,,,,,,,"{""stage"": ""stage2""}",data/raw_stage1/fse2021_an_exploratory_study_of_autopilot/bugSetAndTaxonomy-3_2.zip,bugTaxonomy/3rd iteration(result).xlsx,103.0
fse2021_an_exploratory_study_of_autopilot:66d6a9a6a85c4e9a,fse2021_an_exploratory_study_of_autopilot,Ardupilot,https://github.com/ArduPilot/ardupilot/pull/13209,https://github.com/ArduPilot/ardupilot/pull/13209,,,,,,,,,,,,,,,"{""stage"": ""stage2""}",data/raw_stage1/fse2021_an_exploratory_study_of_autopilot/bugSetAndTaxonomy-3_2.zip,bugTaxonomy/3rd iteration(result).xlsx,104.0
fse2021_an_exploratory_study_of_autopilot:54b1f90b8fed50f2,fse2021_an_exploratory_study_of_autopilot,Ardupilot,https://github.com/ArduPilot/ardupilot/pull/13254,https://github.com/ArduPilot/ardupilot/pull/13254,,,,,,,,,,,,,,,"{""stage"": ""stage2""}",data/raw_stage1/fse2021_an_exploratory_study_of_autopilot/bugSetAndTaxonomy-3_2.zip,bugTaxonomy/3rd iteration(result).xlsx,105.0
fse2021_an_exploratory_study_of_autopilot:03fa195086d1d16d,fse2021_an_exploratory_study_of_autopilot,Ardupilot,https://github.com/ArduPilot/ardupilot/pull/13273,https://github.com/ArduPilot/ardupilot/pull/13273,,,,,,,,,,,,,,,"{""stage"": ""stage2""}",data/raw_stage1/fse2021_an_exploratory_study_of_autopilot/bugSetAndTaxonomy-3_2.zip,bugTaxonomy/3rd iteration(result).xlsx,106.0
fse2021_an_exploratory_study_of_autopilot:c603e1cd2fbd07c1,fse2021_an_exploratory_study_of_autopilot,Ardupilot,https://github.com/ArduPilot/ardupilot/pull/13293,https://github.com/ArduPilot/ardupilot/pull/13293,,,,,,,,,,,,,,,"{""stage"": ""stage2""}",data/raw_stage1/fse2021_an_exploratory_study_of_autopilot/bugSetAndTaxonomy-3_2.zip,bugTaxonomy/3rd iteration(result).xlsx,107.0
fse2021_an_exploratory_study_of_autopilot:8fb824ef095eeebd,fse2021_an_exploratory_study_of_autopilot,Ardupilot,https://github.com/ArduPilot/ardupilot/pull/13345/files,https://github.com/ArduPilot/ardupilot/pull/13345/files,,,,,,,,,,,,,,,"{""stage"": ""stage2""}",data/raw_stage1/fse2021_an_exploratory_study_of_autopilot/bugSetAndTaxonomy-3_2.zip,bugTaxonomy/3rd iteration(result).xlsx,108.0
fse2021_an_exploratory_study_of_autopilot:9deb6fb55d8f3a1d,fse2021_an_exploratory_study_of_autopilot,Ardupilot,https://github.com/ArduPilot/ardupilot/pull/13376,https://github.com/ArduPilot/ardupilot/pull/13376,,,,,,,,,,,,,,,"{""stage"": ""stage2""}",data/raw_stage1/fse2021_an_exploratory_study_of_autopilot/bugSetAndTaxonomy-3_2.zip,bugTaxonomy/3rd iteration(result).xlsx,109.0
fse2021_an_exploratory_study_of_autopilot:6a804ac10faa2e32,fse2021_an_exploratory_study_of_autopilot,Ardupilot,https://github.com/ArduPilot/ardupilot/pull/13461,https://github.com/ArduPilot/ardupilot/pull/13461,,,,,,,,,,,,,,,"{""stage"": ""stage2""}",data/raw_stage1/fse2021_an_exploratory_study_of_autopilot/bugSetAndTaxonomy-3_2.zip,bugTaxonomy/3rd iteration(result).xlsx,110.0
fse2021_an_exploratory_study_of_autopilot:5eebdfcce71cd44c,fse2021_an_exploratory_study_of_autopilot,Ardupilot,https://github.com/ArduPilot/ardupilot/pull/13504,https://github.com/ArduPilot/ardupilot/pull/13504,,,,,,,,,,,,,,,"{""stage"": ""stage2""}",data/raw_stage1/fse2021_an_exploratory_study_of_autopilot/bugSetAndTaxonomy-3_2.zip,bugTaxonomy/3rd iteration(result).xlsx,111.0
fse2021_an_exploratory_study_of_autopilot:7b471997640626fa,fse2021_an_exploratory_study_of_autopilot,Ardupilot,https://github.com/ArduPilot/ardupilot/pull/13512,https://github.com/ArduPilot/ardupilot/pull/13512,,,,,,,,,,,,,,,"{""stage"": ""stage2""}",data/raw_stage1/fse2021_an_exploratory_study_of_autopilot/bugSetAndTaxonomy-3_2.zip,bugTaxonomy/3rd iteration(result).xlsx,112.0
fse2021_an_exploratory_study_of_autopilot:e97b4388a2a533cc,fse2021_an_exploratory_study_of_autopilot,Ardupilot,https://github.com/ArduPilot/ardupilot/pull/13545,https://github.com/ArduPilot/ardupilot/pull/13545,,,,,,,,,,,,,,,"{""stage"": ""stage2""}",data/raw_stage1/fse2021_an_exploratory_study_of_autopilot/bugSetAndTaxonomy-3_2.zip,bugTaxonomy/3rd iteration(result).xlsx,113.0
fse2021_an_exploratory_study_of_autopilot:162ea0908057144b,fse2021_an_exploratory_study_of_autopilot,Ardupilot,https://github.com/ArduPilot/ardupilot/pull/13552,https://github.com/ArduPilot/ardupilot/pull/13552,,,,,,,,,,,,,,,"{""stage"": ""stage2""}",data/raw_stage1/fse2021_an_exploratory_study_of_autopilot/bugSetAndTaxonomy-3_2.zip,bugTaxonomy/3rd iteration(result).xlsx,114.0
fse2021_an_exploratory_study_of_autopilot:5252267c5fff0b11,fse2021_an_exploratory_study_of_autopilot,Ardupilot,https://github.com/ArduPilot/ardupilot/pull/13646,https://github.com/ArduPilot/ardupilot/pull/13646,,,,,,,,,,,,,,,"{""stage"": ""stage2""}",data/raw_stage1/fse2021_an_exploratory_study_of_autopilot/bugSetAndTaxonomy-3_2.zip,bugTaxonomy/3rd iteration(result).xlsx,115.0
fse2021_an_exploratory_study_of_autopilot:96bbfdb181d842a3,fse2021_an_exploratory_study_of_autopilot,Ardupilot,https://github.com/ArduPilot/ardupilot/pull/13695,https://github.com/ArduPilot/ardupilot/pull/13695,,,,,,,,,,,,,,,"{""stage"": ""stage2""}",data/raw_stage1/fse2021_an_exploratory_study_of_autopilot/bugSetAndTaxonomy-3_2.zip,bugTaxonomy/3rd iteration(result).xlsx,116.0
fse2021_an_exploratory_study_of_autopilot:d9ba5d4bc10c1b60,fse2021_an_exploratory_study_of_autopilot,Ardupilot,https://github.com/ArduPilot/ardupilot/pull/13780,https://github.com/ArduPilot/ardupilot/pull/13780,,,,,,,,,,,,,,,"{""stage"": ""stage2""}",data/raw_stage1/fse2021_an_exploratory_study_of_autopilot/bugSetAndTaxonomy-3_2.zip,bugTaxonomy/3rd iteration(result).xlsx,117.0
fse2021_an_exploratory_study_of_autopilot:ae13d83a94fdaf4f,fse2021_an_exploratory_study_of_autopilot,Ardupilot,https://github.com/ArduPilot/ardupilot/pull/13953,https://github.com/ArduPilot/ardupilot/pull/13953,,,,,,,,,,,,,,,"{""stage"": ""stage2""}",data/raw_stage1/fse2021_an_exploratory_study_of_autopilot/bugSetAndTaxonomy-3_2.zip,bugTaxonomy/3rd iteration(result).xlsx,118.0
fse2021_an_exploratory_study_of_autopilot:0397c18cbb820fe6,fse2021_an_exploratory_study_of_autopilot,Ardupilot,https://github.com/ArduPilot/ardupilot/pull/13955,https://github.com/ArduPilot/ardupilot/pull/13955,,,,,,,,,,,,,,,"{""stage"": ""stage2""}",data/raw_stage1/fse2021_an_exploratory_study_of_autopilot/bugSetAndTaxonomy-3_2.zip,bugTaxonomy/3rd iteration(result).xlsx,119.0
fse2021_an_exploratory_study_of_autopilot:02ca573f80f54a43,fse2021_an_exploratory_study_of_autopilot,Ardupilot,https://github.com/ArduPilot/ardupilot/pull/14221,https://github.com/ArduPilot/ardupilot/pull/14221,,,,,,,,,,,,,,,"{""stage"": ""stage2""}",data/raw_stage1/fse2021_an_exploratory_study_of_autopilot/bugSetAndTaxonomy-3_2.zip,bugTaxonomy/3rd iteration(result).xlsx,120.0
fse2021_an_exploratory_study_of_autopilot:e79d3a12e269f76d,fse2021_an_exploratory_study_of_autopilot,Ardupilot,https://github.com/ArduPilot/ardupilot/pull/14266,https://github.com/ArduPilot/ardupilot/pull/14266,,,,,,,,,,,,,,,"{""stage"": ""stage2""}",data/raw_stage1/fse2021_an_exploratory_study_of_autopilot/bugSetAndTaxonomy-3_2.zip,bugTaxonomy/3rd iteration(result).xlsx,121.0
fse2021_an_exploratory_study_of_autopilot:bf84551eae8ae233,fse2021_an_exploratory_study_of_autopilot,Ardupilot,https://github.com/ArduPilot/ardupilot/pull/2643,https://github.com/ArduPilot/ardupilot/pull/2643,,,,,,,,,,,,,,,"{""stage"": ""stage2""}",data/raw_stage1/fse2021_an_exploratory_study_of_autopilot/bugSetAndTaxonomy-3_2.zip,bugTaxonomy/3rd iteration(result).xlsx,122.0
fse2021_an_exploratory_study_of_autopilot:7900cbc26c35ec26,fse2021_an_exploratory_study_of_autopilot,Ardupilot,https://github.com/ArduPilot/ardupilot/pull/3004,https://github.com/ArduPilot/ardupilot/pull/3004,,,,,,,,,,,,,,,"{""stage"": ""stage2""}",data/raw_stage1/fse2021_an_exploratory_study_of_autopilot/bugSetAndTaxonomy-3_2.zip,bugTaxonomy/3rd iteration(result).xlsx,123.0
fse2021_an_exploratory_study_of_autopilot:cc94fc7302208925,fse2021_an_exploratory_study_of_autopilot,Ardupilot,https://github.com/ArduPilot/ardupilot/pull/5249,https://github.com/ArduPilot/ardupilot/pull/5249,,,,,,,,,,,,,,,"{""stage"": ""stage2""}",data/raw_stage1/fse2021_an_exploratory_study_of_autopilot/bugSetAndTaxonomy-3_2.zip,bugTaxonomy/3rd iteration(result).xlsx,124.0
fse2021_an_exploratory_study_of_autopilot:784e2be96bcd2de8,fse2021_an_exploratory_study_of_autopilot,Ardupilot,https://github.com/ArduPilot/ardupilot/pull/5343,https://github.com/ArduPilot/ardupilot/pull/5343,,,,,,,,,,,,,,,"{""stage"": ""stage2""}",data/raw_stage1/fse2021_an_exploratory_study_of_autopilot/bugSetAndTaxonomy-3_2.zip,bugTaxonomy/3rd iteration(result).xlsx,125.0
fse2021_an_exploratory_study_of_autopilot:d2979ea9f15cf9e5,fse2021_an_exploratory_study_of_autopilot,Ardupilot,https://github.com/ArduPilot/ardupilot/pull/5404,https://github.com/ArduPilot/ardupilot/pull/5404,,,,,,,,,,,,,,,"{""stage"": ""stage2""}",data/raw_stage1/fse2021_an_exploratory_study_of_autopilot/bugSetAndTaxonomy-3_2.zip,bugTaxonomy/3rd iteration(result).xlsx,126.0
fse2021_an_exploratory_study_of_autopilot:5c5a561799e75d14,fse2021_an_exploratory_study_of_autopilot,Ardupilot,https://github.com/ArduPilot/ardupilot/pull/5494,https://github.com/ArduPilot/ardupilot/pull/5494,,,,,,,,,,,,,,,"{""stage"": ""stage2""}",data/raw_stage1/fse2021_an_exploratory_study_of_autopilot/bugSetAndTaxonomy-3_2.zip,bugTaxonomy/3rd iteration(result).xlsx,127.0
fse2021_an_exploratory_study_of_autopilot:b74462d36a643777,fse2021_an_exploratory_study_of_autopilot,Ardupilot,https://github.com/ArduPilot/ardupilot/pull/5758,https://github.com/ArduPilot/ardupilot/pull/5758,,,,,,,,,,,,,,,"{""stage"": ""stage2""}",data/raw_stage1/fse2021_an_exploratory_study_of_autopilot/bugSetAndTaxonomy-3_2.zip,bugTaxonomy/3rd iteration(result).xlsx,128.0
fse2021_an_exploratory_study_of_autopilot:72d89b0c4f60ba4a,fse2021_an_exploratory_study_of_autopilot,Ardupilot,https://github.com/ArduPilot/ardupilot/pull/5882,https://github.com/ArduPilot/ardupilot/pull/5882,,,,,,,,,,,,,,,"{""stage"": ""stage2""}",data/raw_stage1/fse2021_an_exploratory_study_of_autopilot/bugSetAndTaxonomy-3_2.zip,bugTaxonomy/3rd iteration(result).xlsx,129.0
fse2021_an_exploratory_study_of_autopilot:6b0addecdf93eba0,fse2021_an_exploratory_study_of_autopilot,Ardupilot,https://github.com/ArduPilot/ardupilot/pull/5918,https://github.com/ArduPilot/ardupilot/pull/5918,,,,,,,,,,,,,,,"{""stage"": ""stage2""}",data/raw_stage1/fse2021_an_exploratory_study_of_autopilot/bugSetAndTaxonomy-3_2.zip,bugTaxonomy/3rd iteration(result).xlsx,130.0
fse2021_an_exploratory_study_of_autopilot:6666584f30ba4137,fse2021_an_exploratory_study_of_autopilot,Ardupilot,https://github.com/ArduPilot/ardupilot/pull/6081,https://github.com/ArduPilot/ardupilot/pull/6081,,,,,,,,,,,,,,,"{""stage"": ""stage2""}",data/raw_stage1/fse2021_an_exploratory_study_of_autopilot/bugSetAndTaxonomy-3_2.zip,bugTaxonomy/3rd iteration(result).xlsx,131.0
fse2021_an_exploratory_study_of_autopilot:f7e8e57c684c31da,fse2021_an_exploratory_study_of_autopilot,Ardupilot,https://github.com/ArduPilot/ardupilot/pull/6138,https://github.com/ArduPilot/ardupilot/pull/6138,,,,,,,,,,,,,,,"{""stage"": ""stage2""}",data/raw_stage1/fse2021_an_exploratory_study_of_autopilot/bugSetAndTaxonomy-3_2.zip,bugTaxonomy/3rd iteration(result).xlsx,132.0
fse2021_an_exploratory_study_of_autopilot:792f767e6bb34e48,fse2021_an_exploratory_study_of_autopilot,Ardupilot,https://github.com/ArduPilot/ardupilot/pull/6304,https://github.com/ArduPilot/ardupilot/pull/6304,,,,,,,,,,,,,,,"{""stage"": ""stage2""}",data/raw_stage1/fse2021_an_exploratory_study_of_autopilot/bugSetAndTaxonomy-3_2.zip,bugTaxonomy/3rd iteration(result).xlsx,133.0
fse2021_an_exploratory_study_of_autopilot:bc66ce044b40d5d1,fse2021_an_exploratory_study_of_autopilot,Ardupilot,https://github.com/ArduPilot/ardupilot/pull/6374,https://github.com/ArduPilot/ardupilot/pull/6374,,,,,,,,,,,,,,,"{""stage"": ""stage2""}",data/raw_stage1/fse2021_an_exploratory_study_of_autopilot/bugSetAndTaxonomy-3_2.zip,bugTaxonomy/3rd iteration(result).xlsx,134.0
fse2021_an_exploratory_study_of_autopilot:49c931ae176a8f7c,fse2021_an_exploratory_study_of_autopilot,Ardupilot,https://github.com/ArduPilot/ardupilot/pull/6512,https://github.com/ArduPilot/ardupilot/pull/6512,,,,,,,,,,,,,,,"{""stage"": ""stage2""}",data/raw_stage1/fse2021_an_exploratory_study_of_autopilot/bugSetAndTaxonomy-3_2.zip,bugTaxonomy/3rd iteration(result).xlsx,135.0
fse2021_an_exploratory_study_of_autopilot:6a11658b0112249b,fse2021_an_exploratory_study_of_autopilot,Ardupilot,https://github.com/ArduPilot/ardupilot/pull/6645,https://github.com/ArduPilot/ardupilot/pull/6645,,,,,,,,,,,,,,,"{""stage"": ""stage2""}",data/raw_stage1/fse2021_an_exploratory_study_of_autopilot/bugSetAndTaxonomy-3_2.zip,bugTaxonomy/3rd iteration(result).xlsx,136.0
fse2021_an_exploratory_study_of_autopilot:1486cae3ae0c687c,fse2021_an_exploratory_study_of_autopilot,Ardupilot,https://github.com/ArduPilot/ardupilot/pull/6815,https://github.com/ArduPilot/ardupilot/pull/6815,,,,,,,,,,,,,,,"{""stage"": ""stage2""}",data/raw_stage1/fse2021_an_exploratory_study_of_autopilot/bugSetAndTaxonomy-3_2.zip,bugTaxonomy/3rd iteration(result).xlsx,137.0
fse2021_an_exploratory_study_of_autopilot:5b816c161d509ab4,fse2021_an_exploratory_study_of_autopilot,Ardupilot,https://github.com/ArduPilot/ardupilot/pull/6990,https://github.com/ArduPilot/ardupilot/pull/6990,,,,,,,,,,,,,,,"{""stage"": ""stage2""}",data/raw_stage1/fse2021_an_exploratory_study_of_autopilot/bugSetAndTaxonomy-3_2.zip,bugTaxonomy/3rd iteration(result).xlsx,138.0
fse2021_an_exploratory_study_of_autopilot:91f90a6433fee688,fse2021_an_exploratory_study_of_autopilot,Ardupilot,https://github.com/ArduPilot/ardupilot/pull/7035,https://github.com/ArduPilot/ardupilot/pull/7035,,,,,,,,,,,,,,,"{""stage"": ""stage2""}",data/raw_stage1/fse2021_an_exploratory_study_of_autopilot/bugSetAndTaxonomy-3_2.zip,bugTaxonomy/3rd iteration(result).xlsx,139.0
fse2021_an_exploratory_study_of_autopilot:f6dd00eb62da7bdf,fse2021_an_exploratory_study_of_autopilot,Ardupilot,https://github.com/ArduPilot/ardupilot/pull/7129,https://github.com/ArduPilot/ardupilot/pull/7129,,,,,,,,,,,,,,,"{""stage"": ""stage2""}",data/raw_stage1/fse2021_an_exploratory_study_of_autopilot/bugSetAndTaxonomy-3_2.zip,bugTaxonomy/3rd iteration(result).xlsx,140.0
fse2021_an_exploratory_study_of_autopilot:3f3b7a0b294452bf,fse2021_an_exploratory_study_of_autopilot,Ardupilot,https://github.com/ArduPilot/ardupilot/pull/7273,https://github.com/ArduPilot/ardupilot/pull/7273,,,,,,,,,,,,,,,"{""stage"": ""stage2""}",data/raw_stage1/fse2021_an_exploratory_study_of_autopilot/bugSetAndTaxonomy-3_2.zip,bugTaxonomy/3rd iteration(result).xlsx,141.0
fse2021_an_exploratory_study_of_autopilot:9769a381f582071e,fse2021_an_exploratory_study_of_autopilot,Ardupilot,https://github.com/ArduPilot/ardupilot/pull/7403,https://github.com/ArduPilot/ardupilot/pull/7403,,,,,,,,,,,,,,,"{""stage"": ""stage2""}",data/raw_stage1/fse2021_an_exploratory_study_of_autopilot/bugSetAndTaxonomy-3_2.zip,bugTaxonomy/3rd iteration(result).xlsx,142.0
fse2021_an_exploratory_study_of_autopilot:baa4f1c32dde5ce2,fse2021_an_exploratory_study_of_autopilot,Ardupilot,https://github.com/ArduPilot/ardupilot/pull/7493,https://github.com/ArduPilot/ardupilot/pull/7493,,,,,,,,,,,,,,,"{""stage"": ""stage2""}",data/raw_stage1/fse2021_an_exploratory_study_of_autopilot/bugSetAndTaxonomy-3_2.zip,bugTaxonomy/3rd iteration(result).xlsx,143.0
fse2021_an_exploratory_study_of_autopilot:b4c90f1455fc9730,fse2021_an_exploratory_study_of_autopilot,Ardupilot,https://github.com/ArduPilot/ardupilot/pull/7672,https://github.com/ArduPilot/ardupilot/pull/7672,,,,,,,,,,,,,,,"{""stage"": ""stage2""}",data/raw_stage1/fse2021_an_exploratory_study_of_autopilot/bugSetAndTaxonomy-3_2.zip,bugTaxonomy/3rd iteration(result).xlsx,144.0
fse2021_an_exploratory_study_of_autopilot:d7db1ad52f967546,fse2021_an_exploratory_study_of_autopilot,Ardupilot,https://github.com/ArduPilot/ardupilot/pull/8066,https://github.com/ArduPilot/ardupilot/pull/8066,,,,,,,,,,,,,,,"{""stage"": ""stage2""}",data/raw_stage1/fse2021_an_exploratory_study_of_autopilot/bugSetAndTaxonomy-3_2.zip,bugTaxonomy/3rd iteration(result).xlsx,145.0
fse2021_an_exploratory_study_of_autopilot:c1363e8e6cbde7c3,fse2021_an_exploratory_study_of_autopilot,Ardupilot,https://github.com/ArduPilot/ardupilot/pull/8325,https://github.com/ArduPilot/ardupilot/pull/8325,,,,,,,,,,,,,,,"{""stage"": ""stage2""}",data/raw_stage1/fse2021_an_exploratory_study_of_autopilot/bugSetAndTaxonomy-3_2.zip,bugTaxonomy/3rd iteration(result).xlsx,146.0
fse2021_an_exploratory_study_of_autopilot:0463407e2c402002,fse2021_an_exploratory_study_of_autopilot,Ardupilot,https://github.com/ArduPilot/ardupilot/pull/8343,https://github.com/ArduPilot/ardupilot/pull/8343,,,,,,,,,,,,,,,"{""stage"": ""stage2""}",data/raw_stage1/fse2021_an_exploratory_study_of_autopilot/bugSetAndTaxonomy-3_2.zip,bugTaxonomy/3rd iteration(result).xlsx,147.0
fse2021_an_exploratory_study_of_autopilot:90b96415594b7ecc,fse2021_an_exploratory_study_of_autopilot,Ardupilot,https://github.com/ArduPilot/ardupilot/pull/8428,https://github.com/ArduPilot/ardupilot/pull/8428,,,,,,,,,,,,,,,"{""stage"": ""stage2""}",data/raw_stage1/fse2021_an_exploratory_study_of_autopilot/bugSetAndTaxonomy-3_2.zip,bugTaxonomy/3rd iteration(result).xlsx,148.0
fse2021_an_exploratory_study_of_autopilot:6d629b6a2d7a7e91,fse2021_an_exploratory_study_of_autopilot,Ardupilot,https://github.com/ArduPilot/ardupilot/pull/8450,https://github.com/ArduPilot/ardupilot/pull/8450,,,,,,,,,,,,,,,"{""stage"": ""stage2""}",data/raw_stage1/fse2021_an_exploratory_study_of_autopilot/bugSetAndTaxonomy-3_2.zip,bugTaxonomy/3rd iteration(result).xlsx,149.0
fse2021_an_exploratory_study_of_autopilot:09e5dfa330c91f65,fse2021_an_exploratory_study_of_autopilot,Ardupilot,https://github.com/ArduPilot/ardupilot/pull/8555,https://github.com/ArduPilot/ardupilot/pull/8555,,,,,,,,,,,,,,,"{""stage"": ""stage2""}",data/raw_stage1/fse2021_an_exploratory_study_of_autopilot/bugSetAndTaxonomy-3_2.zip,bugTaxonomy/3rd iteration(result).xlsx,150.0
fse2021_an_exploratory_study_of_autopilot:9cc63d8af97416d0,fse2021_an_exploratory_study_of_autopilot,Ardupilot,https://github.com/ArduPilot/ardupilot/pull/8600,https://github.com/ArduPilot/ardupilot/pull/8600,,,,,,,,,,,,,,,"{""stage"": ""stage2""}",data/raw_stage1/fse2021_an_exploratory_study_of_autopilot/bugSetAndTaxonomy-3_2.zip,bugTaxonomy/3rd iteration(result).xlsx,151.0
fse2021_an_exploratory_study_of_autopilot:3676ea85d194b138,fse2021_an_exploratory_study_of_autopilot,Ardupilot,https://github.com/ArduPilot/ardupilot/pull/8601,https://github.com/ArduPilot/ardupilot/pull/8601,,,,,,,,,,,,,,,"{""stage"": ""stage2""}",data/raw_stage1/fse2021_an_exploratory_study_of_autopilot/bugSetAndTaxonomy-3_2.zip,bugTaxonomy/3rd iteration(result).xlsx,152.0
fse2021_an_exploratory_study_of_autopilot:a1027276597f557f,fse2021_an_exploratory_study_of_autopilot,Ardupilot,https://github.com/ArduPilot/ardupilot/pull/8859,https://github.com/ArduPilot/ardupilot/pull/8859,,,,,,,,,,,,,,,"{""stage"": ""stage2""}",data/raw_stage1/fse2021_an_exploratory_study_of_autopilot/bugSetAndTaxonomy-3_2.zip,bugTaxonomy/3rd iteration(result).xlsx,153.0
fse2021_an_exploratory_study_of_autopilot:b35c4a55adac907f,fse2021_an_exploratory_study_of_autopilot,Ardupilot,https://github.com/ArduPilot/ardupilot/pull/8937,https://github.com/ArduPilot/ardupilot/pull/8937,,,,,,,,,,,,,,,"{""stage"": ""stage2""}",data/raw_stage1/fse2021_an_exploratory_study_of_autopilot/bugSetAndTaxonomy-3_2.zip,bugTaxonomy/3rd iteration(result).xlsx,154.0
fse2021_an_exploratory_study_of_autopilot:e0b5f7904e05fd69,fse2021_an_exploratory_study_of_autopilot,Ardupilot,https://github.com/ArduPilot/ardupilot/pull/9019,https://github.com/ArduPilot/ardupilot/pull/9019,,,,,,,,,,,,,,,"{""stage"": ""stage2""}",data/raw_stage1/fse2021_an_exploratory_study_of_autopilot/bugSetAndTaxonomy-3_2.zip,bugTaxonomy/3rd iteration(result).xlsx,155.0
fse2021_an_exploratory_study_of_autopilot:b2e0041271d9c582,fse2021_an_exploratory_study_of_autopilot,Ardupilot,https://github.com/ArduPilot/ardupilot/pull/9081,https://github.com/ArduPilot/ardupilot/pull/9081,,,,,,,,,,,,,,,"{""stage"": ""stage2""}",data/raw_stage1/fse2021_an_exploratory_study_of_autopilot/bugSetAndTaxonomy-3_2.zip,bugTaxonomy/3rd iteration(result).xlsx,156.0
fse2021_an_exploratory_study_of_autopilot:13b3a9487c51ab19,fse2021_an_exploratory_study_of_autopilot,Ardupilot,https://github.com/ArduPilot/ardupilot/pull/9345,https://github.com/ArduPilot/ardupilot/pull/9345,,,,,,,,,,,,,,,"{""stage"": ""stage2""}",data/raw_stage1/fse2021_an_exploratory_study_of_autopilot/bugSetAndTaxonomy-3_2.zip,bugTaxonomy/3rd iteration(result).xlsx,157.0
fse2021_an_exploratory_study_of_autopilot:4cccb24a1c0be416,fse2021_an_exploratory_study_of_autopilot,Ardupilot,https://github.com/ArduPilot/ardupilot/pull/9403,https://github.com/ArduPilot/ardupilot/pull/9403,,,,,,,,,,,,,,,"{""stage"": ""stage2""}",data/raw_stage1/fse2021_an_exploratory_study_of_autopilot/bugSetAndTaxonomy-3_2.zip,bugTaxonomy/3rd iteration(result).xlsx,158.0
fse2021_an_exploratory_study_of_autopilot:8c212758d3d59043,fse2021_an_exploratory_study_of_autopilot,Ardupilot,https://github.com/ArduPilot/ardupilot/pull/9423,https://github.com/ArduPilot/ardupilot/pull/9423,,,,,,,,,,,,,,,"{""stage"": ""stage2""}",data/raw_stage1/fse2021_an_exploratory_study_of_autopilot/bugSetAndTaxonomy-3_2.zip,bugTaxonomy/3rd iteration(result).xlsx,159.0
fse2021_an_exploratory_study_of_autopilot:441de6891a093544,fse2021_an_exploratory_study_of_autopilot,Ardupilot,https://github.com/ArduPilot/ardupilot/pull/9467,https://github.com/ArduPilot/ardupilot/pull/9467,,,,,,,,,,,,,,,"{""stage"": ""stage2""}",data/raw_stage1/fse2021_an_exploratory_study_of_autopilot/bugSetAndTaxonomy-3_2.zip,bugTaxonomy/3rd iteration(result).xlsx,160.0
fse2021_an_exploratory_study_of_autopilot:31abf642c8872099,fse2021_an_exploratory_study_of_autopilot,Ardupilot,https://github.com/ArduPilot/ardupilot/pull/9636,https://github.com/ArduPilot/ardupilot/pull/9636,,,,,,,,,,,,,,,"{""stage"": ""stage2""}",data/raw_stage1/fse2021_an_exploratory_study_of_autopilot/bugSetAndTaxonomy-3_2.zip,bugTaxonomy/3rd iteration(result).xlsx,161.0
fse2021_an_exploratory_study_of_autopilot:d1199e7751e7afd5,fse2021_an_exploratory_study_of_autopilot,Ardupilot,https://github.com/ArduPilot/ardupilot/pull/9639,https://github.com/ArduPilot/ardupilot/pull/9639,,,,,,,,,,,,,,,"{""stage"": ""stage2""}",data/raw_stage1/fse2021_an_exploratory_study_of_autopilot/bugSetAndTaxonomy-3_2.zip,bugTaxonomy/3rd iteration(result).xlsx,162.0
fse2021_an_exploratory_study_of_autopilot:6429e30ca1330c6e,fse2021_an_exploratory_study_of_autopilot,Ardupilot,https://github.com/ArduPilot/ardupilot/pull/9684,https://github.com/ArduPilot/ardupilot/pull/9684,,,,,,,,,,,,,,,"{""stage"": ""stage2""}",data/raw_stage1/fse2021_an_exploratory_study_of_autopilot/bugSetAndTaxonomy-3_2.zip,bugTaxonomy/3rd iteration(result).xlsx,163.0
fse2021_an_exploratory_study_of_autopilot:a7f678f0cc2f4ec7,fse2021_an_exploratory_study_of_autopilot,Ardupilot,https://github.com/ArduPilot/ardupilot/pull/9700,https://github.com/ArduPilot/ardupilot/pull/9700,,,,,,,,,,,,,,,"{""stage"": ""stage2""}",data/raw_stage1/fse2021_an_exploratory_study_of_autopilot/bugSetAndTaxonomy-3_2.zip,bugTaxonomy/3rd iteration(result).xlsx,164.0
fse2021_an_exploratory_study_of_autopilot:a9b8b77ea5753307,fse2021_an_exploratory_study_of_autopilot,Ardupilot,https://github.com/ArduPilot/ardupilot/pull/9727,https://github.com/ArduPilot/ardupilot/pull/9727,,,,,,,,,,,,,,,"{""stage"": ""stage2""}",data/raw_stage1/fse2021_an_exploratory_study_of_autopilot/bugSetAndTaxonomy-3_2.zip,bugTaxonomy/3rd iteration(result).xlsx,165.0
fse2021_an_exploratory_study_of_autopilot:22713c013df7aa61,fse2021_an_exploratory_study_of_autopilot,Ardupilot,https://github.com/ArduPilot/ardupilot/pull/9947,https://github.com/ArduPilot/ardupilot/pull/9947,,,,,,,,,,,,,,,"{""stage"": ""stage2""}",data/raw_stage1/fse2021_an_exploratory_study_of_autopilot/bugSetAndTaxonomy-3_2.zip,bugTaxonomy/3rd iteration(result).xlsx,166.0
fse2021_an_exploratory_study_of_autopilot:0343588fdbbc4392,fse2021_an_exploratory_study_of_autopilot,Ardupilot,https://github.com/ArduPilot/ardupilot/pull/9998,https://github.com/ArduPilot/ardupilot/pull/9998,,,,,,,,,,,,,,,"{""stage"": ""stage2""}",data/raw_stage1/fse2021_an_exploratory_study_of_autopilot/bugSetAndTaxonomy-3_2.zip,bugTaxonomy/3rd iteration(result).xlsx,167.0
fse2021_an_exploratory_study_of_autopilot:e9d6bb838b3a6104,fse2021_an_exploratory_study_of_autopilot,PX4,https://github.com/PX4/Firmware/issues/10033,https://github.com/PX4/Firmware/issues/10033,,,,,,,,,,,,,,,"{""stage"": ""stage2""}",data/raw_stage1/fse2021_an_exploratory_study_of_autopilot/bugSetAndTaxonomy-3_2.zip,bugTaxonomy/3rd iteration(result).xlsx,0.0
fse2021_an_exploratory_study_of_autopilot:9c51ee1b07283540,fse2021_an_exploratory_study_of_autopilot,PX4,https://github.com/PX4/Firmware/issues/1097,https://github.com/PX4/Firmware/issues/1097,,,,,,,,,,,,,,,"{""stage"": ""stage2""}",data/raw_stage1/fse2021_an_exploratory_study_of_autopilot/bugSetAndTaxonomy-3_2.zip,bugTaxonomy/3rd iteration(result).xlsx,1.0
fse2021_an_exploratory_study_of_autopilot:df72638fa2c5931e,fse2021_an_exploratory_study_of_autopilot,PX4,https://github.com/PX4/Firmware/issues/1098,https://github.com/PX4/Firmware/issues/1098,,,,,,,,,,,,,,,"{""stage"": ""stage2""}",data/raw_stage1/fse2021_an_exploratory_study_of_autopilot/bugSetAndTaxonomy-3_2.zip,bugTaxonomy/3rd iteration(result).xlsx,2.0
fse2021_an_exploratory_study_of_autopilot:9d74b6597215a5f9,fse2021_an_exploratory_study_of_autopilot,PX4,https://github.com/PX4/Firmware/issues/1105,https://github.com/PX4/Firmware/issues/1105,,,,,,,,,,,,,,,"{""stage"": ""stage2""}",data/raw_stage1/fse2021_an_exploratory_study_of_autopilot/bugSetAndTaxonomy-3_2.zip,bugTaxonomy/3rd iteration(result).xlsx,3.0
fse2021_an_exploratory_study_of_autopilot:6fe74787cd8ccb64,fse2021_an_exploratory_study_of_autopilot,PX4,https://github.com/PX4/Firmware/issues/1201,https://github.com/PX4/Firmware/issues/1201,,,,,,,,,,,,,,,"{""stage"": ""stage2""}",data/raw_stage1/fse2021_an_exploratory_study_of_autopilot/bugSetAndTaxonomy-3_2.zip,bugTaxonomy/3rd iteration(result).xlsx,4.0
fse2021_an_exploratory_study_of_autopilot:d5fdb62bbaacaae2,fse2021_an_exploratory_study_of_autopilot,PX4,https://github.com/PX4/Firmware/issues/1328,https://github.com/PX4/Firmware/issues/1328,,,,,,,,,,,,,,,"{""stage"": ""stage2""}",data/raw_stage1/fse2021_an_exploratory_study_of_autopilot/bugSetAndTaxonomy-3_2.zip,bugTaxonomy/3rd iteration(result).xlsx,5.0
fse2021_an_exploratory_study_of_autopilot:eca2de18d22832f0,fse2021_an_exploratory_study_of_autopilot,PX4,https://github.com/PX4/Firmware/issues/2408,https://github.com/PX4/Firmware/issues/2408,,,,,,,,,,,,,,,"{""stage"": ""stage2""}",data/raw_stage1/fse2021_an_exploratory_study_of_autopilot/bugSetAndTaxonomy-3_2.zip,bugTaxonomy/3rd iteration(result).xlsx,6.0
fse2021_an_exploratory_study_of_autopilot:4224c4d37f9b447f,fse2021_an_exploratory_study_of_autopilot,PX4,https://github.com/PX4/Firmware/issues/2637,https://github.com/PX4/Firmware/issues/2637,,,,,,,,,,,,,,,"{""stage"": ""stage2""}",data/raw_stage1/fse2021_an_exploratory_study_of_autopilot/bugSetAndTaxonomy-3_2.zip,bugTaxonomy/3rd iteration(result).xlsx,7.0
fse2021_an_exploratory_study_of_autopilot:b7c475e7373d0540,fse2021_an_exploratory_study_of_autopilot,PX4,https://github.com/PX4/Firmware/issues/2810,https://github.com/PX4/Firmware/issues/2810,,,,,,,,,,,,,,,"{""stage"": ""stage2""}",data/raw_stage1/fse2021_an_exploratory_study_of_autopilot/bugSetAndTaxonomy-3_2.zip,bugTaxonomy/3rd iteration(result).xlsx,8.0
fse2021_an_exploratory_study_of_autopilot:c0d7d4c670c5ff91,fse2021_an_exploratory_study_of_autopilot,PX4,https://github.com/PX4/Firmware/issues/2951,https://github.com/PX4/Firmware/issues/2951,,,,,,,,,,,,,,,"{""stage"": ""stage2""}",data/raw_stage1/fse2021_an_exploratory_study_of_autopilot/bugSetAndTaxonomy-3_2.zip,bugTaxonomy/3rd iteration(result).xlsx,9.0
fse2021_an_exploratory_study_of_autopilot:0d87d6977031c898,fse2021_an_exploratory_study_of_autopilot,PX4,https://github.com/PX4/Firmware/issues/3535,https://github.com/PX4/Firmware/issues/3535,,,,,,,,,,,,,,,"{""stage"": ""stage2""}",data/raw_stage1/fse2021_an_exploratory_study_of_autopilot/bugSetAndTaxonomy-3_2.zip,bugTaxonomy/3rd iteration(result).xlsx,10.0
fse2021_an_exploratory_study_of_autopilot:93291b1306825b3d,fse2021_an_exploratory_study_of_autopilot,PX4,https://github.com/PX4/Firmware/issues/3659,https://github.com/PX4/Firmware/issues/3659,,,,,,,,,,,,,,,"{""stage"": ""stage2""}",data/raw_stage1/fse2021_an_exploratory_study_of_autopilot/bugSetAndTaxonomy-3_2.zip,bugTaxonomy/3rd iteration(result).xlsx,11.0
fse2021_an_exploratory_study_of_autopilot:01fb7c04d21d1b7e,fse2021_an_exploratory_study_of_autopilot,PX4,https://github.com/PX4/Firmware/issues/3794,https://github.com/PX4/Firmware/issues/3794,,,,,,,,,,,,,,,"{""stage"": ""stage2""}",data/raw_stage1/fse2021_an_exploratory_study_of_autopilot/bugSetAndTaxonomy-3_2.zip,bugTaxonomy/3rd iteration(result).xlsx,12.0
fse2021_an_exploratory_study_of_autopilot:6eff53d79a845a0c,fse2021_an_exploratory_study_of_autopilot,PX4,https://github.com/PX4/Firmware/issues/4135,https://github.com/PX4/Firmware/issues/4135,,,,,,,,,,,,,,,"{""stage"": ""stage2""}",data/raw_stage1/fse2021_an_exploratory_study_of_autopilot/bugSetAndTaxonomy-3_2.zip,bugTaxonomy/3rd iteration(result).xlsx,13.0
fse2021_an_exploratory_study_of_autopilot:9b1fbaeafcf05254,fse2021_an_exploratory_study_of_autopilot,PX4,https://github.com/PX4/Firmware/issues/4316,https://github.com/PX4/Firmware/issues/4316,,,,,,,,,,,,,,,"{""stage"": ""stage2""}",data/raw_stage1/fse2021_an_exploratory_study_of_autopilot/bugSetAndTaxonomy-3_2.zip,bugTaxonomy/3rd iteration(result).xlsx,14.0
fse2021_an_exploratory_study_of_autopilot:5c6bb7ab52c32b4a,fse2021_an_exploratory_study_of_autopilot,PX4,https://github.com/PX4/Firmware/issues/4356,https://github.com/PX4/Firmware/issues/4356,,,,,,,,,,,,,,,"{""stage"": ""stage2""}",data/raw_stage1/fse2021_an_exploratory_study_of_autopilot/bugSetAndTaxonomy-3_2.zip,bugTaxonomy/3rd iteration(result).xlsx,15.0
fse2021_an_exploratory_study_of_autopilot:92fdccc139627ca2,fse2021_an_exploratory_study_of_autopilot,PX4,https://github.com/PX4/Firmware/issues/4421,https://github.com/PX4/Firmware/issues/4421,,,,,,,,,,,,,,,"{""stage"": ""stage2""}",data/raw_stage1/fse2021_an_exploratory_study_of_autopilot/bugSetAndTaxonomy-3_2.zip,bugTaxonomy/3rd iteration(result).xlsx,16.0
fse2021_an_exploratory_study_of_autopilot:f10d61019b47f45d,fse2021_an_exploratory_study_of_autopilot,PX4,https://github.com/PX4/Firmware/issues/4639,https://github.com/PX4/Firmware/issues/4639,,,,,,,,,,,,,,,"{""stage"": ""stage2""}",data/raw_stage1/fse2021_an_exploratory_study_of_autopilot/bugSetAndTaxonomy-3_2.zip,bugTaxonomy/3rd iteration(result).xlsx,17.0
fse2021_an_exploratory_study_of_autopilot:63c690b28aa4d7d0,fse2021_an_exploratory_study_of_autopilot,PX4,https://github.com/PX4/Firmware/issues/4722,https://github.com/PX4/Firmware/issues/4722,,,,,,,,,,,,,,,"{""stage"": ""stage2""}",data/raw_stage1/fse2021_an_exploratory_study_of_autopilot/bugSetAndTaxonomy-3_2.zip,bugTaxonomy/3rd iteration(result).xlsx,18.0
fse2021_an_exploratory_study_of_autopilot:2f2ba542e9e742f3,fse2021_an_exploratory_study_of_autopilot,PX4,https://github.com/PX4/Firmware/issues/4745,https://github.com/PX4/Firmware/issues/4745,,,,,,,,,,,,,,,"{""stage"": ""stage2""}",data/raw_stage1/fse2021_an_exploratory_study_of_autopilot/bugSetAndTaxonomy-3_2.zip,bugTaxonomy/3rd iteration(result).xlsx,19.0
fse2021_an_exploratory_study_of_autopilot:06968bc14f35bb09,fse2021_an_exploratory_study_of_autopilot,PX4,https://github.com/PX4/Firmware/issues/4767,https://github.com/PX4/Firmware/issues/4767,,,,,,,,,,,,,,,"{""stage"": ""stage2""}",data/raw_stage1/fse2021_an_exploratory_study_of_autopilot/bugSetAndTaxonomy-3_2.zip,bugTaxonomy/3rd iteration(result).xlsx,20.0
fse2021_an_exploratory_study_of_autopilot:b36e0f32b014b1d1,fse2021_an_exploratory_study_of_autopilot,PX4,https://github.com/PX4/Firmware/issues/4799,https://github.com/PX4/Firmware/issues/4799,,,,,,,,,,,,,,,"{""stage"": ""stage2""}",data/raw_stage1/fse2021_an_exploratory_study_of_autopilot/bugSetAndTaxonomy-3_2.zip,bugTaxonomy/3rd iteration(result).xlsx,21.0
fse2021_an_exploratory_study_of_autopilot:0d51aee6a3129c77,fse2021_an_exploratory_study_of_autopilot,PX4,https://github.com/PX4/Firmware/issues/5110,https://github.com/PX4/Firmware/issues/5110,,,,,,,,,,,,,,,"{""stage"": ""stage2""}",data/raw_stage1/fse2021_an_exploratory_study_of_autopilot/bugSetAndTaxonomy-3_2.zip,bugTaxonomy/3rd iteration(result).xlsx,22.0
fse2021_an_exploratory_study_of_autopilot:ad7cd73db8e5a10b,fse2021_an_exploratory_study_of_autopilot,PX4,https://github.com/PX4/Firmware/issues/5243,https://github.com/PX4/Firmware/issues/5243,,,,,,,,,,,,,,,"{""stage"": ""stage2""}",data/raw_stage1/fse2021_an_exploratory_study_of_autopilot/bugSetAndTaxonomy-3_2.zip,bugTaxonomy/3rd iteration(result).xlsx,23.0
fse2021_an_exploratory_study_of_autopilot:868949b02b6dde23,fse2021_an_exploratory_study_of_autopilot,PX4,https://github.com/PX4/Firmware/issues/5305,https://github.com/PX4/Firmware/issues/5305,,,,,,,,,,,,,,,"{""stage"": ""stage2""}",data/raw_stage1/fse2021_an_exploratory_study_of_autopilot/bugSetAndTaxonomy-3_2.zip,bugTaxonomy/3rd iteration(result).xlsx,24.0
fse2021_an_exploratory_study_of_autopilot:766c8631941d21f8,fse2021_an_exploratory_study_of_autopilot,PX4,https://github.com/PX4/Firmware/issues/5771,https://github.com/PX4/Firmware/issues/5771,,,,,,,,,,,,,,,"{""stage"": ""stage2""}",data/raw_stage1/fse2021_an_exploratory_study_of_autopilot/bugSetAndTaxonomy-3_2.zip,bugTaxonomy/3rd iteration(result).xlsx,25.0
fse2021_an_exploratory_study_of_autopilot:84ca9bb95c0718a8,fse2021_an_exploratory_study_of_autopilot,PX4,https://github.com/PX4/Firmware/issues/6488,https://github.com/PX4/Firmware/issues/6488,,,,,,,,,,,,,,,"{""stage"": ""stage2""}",data/raw_stage1/fse2021_an_exploratory_study_of_autopilot/bugSetAndTaxonomy-3_2.zip,bugTaxonomy/3rd iteration(result).xlsx,26.0
fse2021_an_exploratory_study_of_autopilot:cefc6c8d91acc160,fse2021_an_exploratory_study_of_autopilot,PX4,https://github.com/PX4/Firmware/issues/6651,https://github.com/PX4/Firmware/issues/6651,,,,,,,,,,,,,,,"{""stage"": ""stage2""}",data/raw_stage1/fse2021_an_exploratory_study_of_autopilot/bugSetAndTaxonomy-3_2.zip,bugTaxonomy/3rd iteration(result).xlsx,27.0
fse2021_an_exploratory_study_of_autopilot:aa03719374c8b4aa,fse2021_an_exploratory_study_of_autopilot,PX4,https://github.com/PX4/Firmware/issues/6669,https://github.com/PX4/Firmware/issues/6669,,,,,,,,,,,,,,,"{""stage"": ""stage2""}",data/raw_stage1/fse2021_an_exploratory_study_of_autopilot/bugSetAndTaxonomy-3_2.zip,bugTaxonomy/3rd iteration(result).xlsx,28.0
fse2021_an_exploratory_study_of_autopilot:4e4d2246fb9a5e11,fse2021_an_exploratory_study_of_autopilot,PX4,https://github.com/PX4/Firmware/issues/6726,https://github.com/PX4/Firmware/issues/6726,,,,,,,,,,,,,,,"{""stage"": ""stage2""}",data/raw_stage1/fse2021_an_exploratory_study_of_autopilot/bugSetAndTaxonomy-3_2.zip,bugTaxonomy/3rd iteration(result).xlsx,29.0
fse2021_an_exploratory_study_of_autopilot:1210e29c32587d59,fse2021_an_exploratory_study_of_autopilot,PX4,https://github.com/PX4/Firmware/issues/6876,https://github.com/PX4/Firmware/issues/6876,,,,,,,,,,,,,,,"{""stage"": ""stage2""}",data/raw_stage1/fse2021_an_exploratory_study_of_autopilot/bugSetAndTaxonomy-3_2.zip,bugTaxonomy/3rd iteration(result).xlsx,30.0
fse2021_an_exploratory_study_of_autopilot:75569c6a10d85f6b,fse2021_an_exploratory_study_of_autopilot,PX4,https://github.com/PX4/Firmware/issues/7033,https://github.com/PX4/Firmware/issues/7033,,,,,,,,,,,,,,,"{""stage"": ""stage2""}",data/raw_stage1/fse2021_an_exploratory_study_of_autopilot/bugSetAndTaxonomy-3_2.zip,bugTaxonomy/3rd iteration(result).xlsx,31.0
fse2021_an_exploratory_study_of_autopilot:d288064ee4220230,fse2021_an_exploratory_study_of_autopilot,PX4,https://github.com/PX4/Firmware/issues/7097,https://github.com/PX4/Firmware/issues/7097,,,,,,,,,,,,,,,"{""stage"": ""stage2""}",data/raw_stage1/fse2021_an_exploratory_study_of_autopilot/bugSetAndTaxonomy-3_2.zip,bugTaxonomy/3rd iteration(result).xlsx,32.0
fse2021_an_exploratory_study_of_autopilot:8120b475048c69c9,fse2021_an_exploratory_study_of_autopilot,PX4,https://github.com/PX4/Firmware/issues/71325,https://github.com/PX4/Firmware/issues/71325,,,,,,,,,,,,,,,"{""stage"": ""stage2""}",data/raw_stage1/fse2021_an_exploratory_study_of_autopilot/bugSetAndTaxonomy-3_2.zip,bugTaxonomy/3rd iteration(result).xlsx,41.0
fse2021_an_exploratory_study_of_autopilot:8395a98f3c31974d,fse2021_an_exploratory_study_of_autopilot,PX4,https://github.com/PX4/Firmware/issues/7288,https://github.com/PX4/Firmware/issues/7288,,,,,,,,,,,,,,,"{""stage"": ""stage2""}",data/raw_stage1/fse2021_an_exploratory_study_of_autopilot/bugSetAndTaxonomy-3_2.zip,bugTaxonomy/3rd iteration(result).xlsx,33.0
fse2021_an_exploratory_study_of_autopilot:5536e7a4b8c95955,fse2021_an_exploratory_study_of_autopilot,PX4,https://github.com/PX4/Firmware/issues/7309,https://github.com/PX4/Firmware/issues/7309,,,,,,,,,,,,,,,"{""stage"": ""stage2""}",data/raw_stage1/fse2021_an_exploratory_study_of_autopilot/bugSetAndTaxonomy-3_2.zip,bugTaxonomy/3rd iteration(result).xlsx,34.0
fse2021_an_exploratory_study_of_autopilot:0a8696c3031c74e9,fse2021_an_exploratory_study_of_autopilot,PX4,https://github.com/PX4/Firmware/issues/7325,https://github.com/PX4/Firmware/issues/7325,,,,,,,,,,,,,,,"{""stage"": ""stage2""}",data/raw_stage1/fse2021_an_exploratory_study_of_autopilot/bugSetAndTaxonomy-3_2.zip,bugTaxonomy/3rd iteration(result).xlsx,35.0
fse2021_an_exploratory_study_of_autopilot:74e4c40f381e76a1,fse2021_an_exploratory_study_of_autopilot,PX4,https://github.com/PX4/Firmware/issues/7467,https://github.com/PX4/Firmware/issues/7467,,,,,,,,,,,,,,,"{""stage"": ""stage2""}",data/raw_stage1/fse2021_an_exploratory_study_of_autopilot/bugSetAndTaxonomy-3_2.zip,bugTaxonomy/3rd iteration(result).xlsx,36.0
fse2021_an_exploratory_study_of_autopilot:3d50ff4d46b3b50b,fse2021_an_exploratory_study_of_autopilot,PX4,https://github.com/PX4/Firmware/issues/7510,https://github.com/PX4/Firmware/issues/7510,,,,,,,,,,,,,,,"{""stage"": ""stage2""}",data/raw_stage1/fse2021_an_exploratory_study_of_autopilot/bugSetAndTaxonomy-3_2.zip,bugTaxonomy/3rd iteration(result).xlsx,37.0
fse2021_an_exploratory_study_of_autopilot:d037b33b4fa7d330,fse2021_an_exploratory_study_of_autopilot,PX4,https://github.com/PX4/Firmware/issues/7535,https://github.com/PX4/Firmware/issues/7535,,,,,,,,,,,,,,,"{""stage"": ""stage2""}",data/raw_stage1/fse2021_an_exploratory_study_of_autopilot/bugSetAndTaxonomy-3_2.zip,bugTaxonomy/3rd iteration(result).xlsx,38.0
fse2021_an_exploratory_study_of_autopilot:4dade00b46b3aaa0,fse2021_an_exploratory_study_of_autopilot,PX4,https://github.com/PX4/Firmware/issues/7609,https://github.com/PX4/Firmware/issues/7609,,,,,,,,,,,,,,,"{""stage"": ""stage2""}",data/raw_stage1/fse2021_an_exploratory_study_of_autopilot/bugSetAndTaxonomy-3_2.zip,bugTaxonomy/3rd iteration(result).xlsx,39.0
fse2021_an_exploratory_study_of_autopilot:759eb0916ead23d8,fse2021_an_exploratory_study_of_autopilot,PX4,https://github.com/PX4/Firmware/issues/7696,https://github.com/PX4/Firmware/issues/7696,,,,,,,,,,,,,,,"{""stage"": ""stage2""}",data/raw_stage1/fse2021_an_exploratory_study_of_autopilot/bugSetAndTaxonomy-3_2.zip,bugTaxonomy/3rd iteration(result).xlsx,40.0
fse2021_an_exploratory_study_of_autopilot:fb20c0de2752d988,fse2021_an_exploratory_study_of_autopilot,PX4,https://github.com/PX4/Firmware/issues/773,https://github.com/PX4/Firmware/issues/773,,,,,,,,,,,,,,,"{""stage"": ""stage2""}",data/raw_stage1/fse2021_an_exploratory_study_of_autopilot/bugSetAndTaxonomy-3_2.zip,bugTaxonomy/3rd iteration(result).xlsx,42.0
fse2021_an_exploratory_study_of_autopilot:df16b541b56f7fcf,fse2021_an_exploratory_study_of_autopilot,PX4,https://github.com/PX4/Firmware/issues/7737,https://github.com/PX4/Firmware/issues/7737,,,,,,,,,,,,,,,"{""stage"": ""stage2""}",data/raw_stage1/fse2021_an_exploratory_study_of_autopilot/bugSetAndTaxonomy-3_2.zip,bugTaxonomy/3rd iteration(result).xlsx,43.0
fse2021_an_exploratory_study_of_autopilot:4d87cc49b261741c,fse2021_an_exploratory_study_of_autopilot,PX4,https://github.com/PX4/Firmware/issues/7746,https://github.com/PX4/Firmware/issues/7746,,,,,,,,,,,,,,,"{""stage"": ""stage2""}",data/raw_stage1/fse2021_an_exploratory_study_of_autopilot/bugSetAndTaxonomy-3_2.zip,bugTaxonomy/3rd iteration(result).xlsx,44.0
fse2021_an_exploratory_study_of_autopilot:ae4a1752cecca9f1,fse2021_an_exploratory_study_of_autopilot,PX4,https://github.com/PX4/Firmware/issues/7755,https://github.com/PX4/Firmware/issues/7755,,,,,,,,,,,,,,,"{""stage"": ""stage2""}",data/raw_stage1/fse2021_an_exploratory_study_of_autopilot/bugSetAndTaxonomy-3_2.zip,bugTaxonomy/3rd iteration(result).xlsx,45.0
fse2021_an_exploratory_study_of_autopilot:ae1fc44acbaa24a1,fse2021_an_exploratory_study_of_autopilot,PX4,https://github.com/PX4/Firmware/issues/7861,https://github.com/PX4/Firmware/issues/7861,,,,,,,,,,,,,,,"{""stage"": ""stage2""}",data/raw_stage1/fse2021_an_exploratory_study_of_autopilot/bugSetAndTaxonomy-3_2.zip,bugTaxonomy/3rd iteration(result).xlsx,46.0
fse2021_an_exploratory_study_of_autopilot:86c350b6f1cb72e3,fse2021_an_exploratory_study_of_autopilot,PX4,https://github.com/PX4/Firmware/issues/805,https://github.com/PX4/Firmware/issues/805,,,,,,,,,,,,,,,"{""stage"": ""stage2""}",data/raw_stage1/fse2021_an_exploratory_study_of_autopilot/bugSetAndTaxonomy-3_2.zip,bugTaxonomy/3rd iteration(result).xlsx,47.0
fse2021_an_exploratory_study_of_autopilot:a121b0c4f464a3c4,fse2021_an_exploratory_study_of_autopilot,PX4,https://github.com/PX4/Firmware/issues/8102,https://github.com/PX4/Firmware/issues/8102,,,,,,,,,,,,,,,"{""stage"": ""stage2""}",data/raw_stage1/fse2021_an_exploratory_study_of_autopilot/bugSetAndTaxonomy-3_2.zip,bugTaxonomy/3rd iteration(result).xlsx,48.0
fse2021_an_exploratory_study_of_autopilot:81fb6beb4328d825,fse2021_an_exploratory_study_of_autopilot,PX4,https://github.com/PX4/Firmware/issues/8186,https://github.com/PX4/Firmware/issues/8186,,,,,,,,,,,,,,,"{""stage"": ""stage2""}",data/raw_stage1/fse2021_an_exploratory_study_of_autopilot/bugSetAndTaxonomy-3_2.zip,bugTaxonomy/3rd iteration(result).xlsx,49.0
fse2021_an_exploratory_study_of_autopilot:242337004e97689f,fse2021_an_exploratory_study_of_autopilot,PX4,https://github.com/PX4/Firmware/issues/8198,https://github.com/PX4/Firmware/issues/8198,,,,,,,,,,,,,,,"{""stage"": ""stage2""}",data/raw_stage1/fse2021_an_exploratory_study_of_autopilot/bugSetAndTaxonomy-3_2.zip,bugTaxonomy/3rd iteration(result).xlsx,50.0
fse2021_an_exploratory_study_of_autopilot:a6b15dc823d5d567,fse2021_an_exploratory_study_of_autopilot,PX4,https://github.com/PX4/Firmware/issues/8280,https://github.com/PX4/Firmware/issues/8280,,,,,,,,,,,,,,,"{""stage"": ""stage2""}",data/raw_stage1/fse2021_an_exploratory_study_of_autopilot/bugSetAndTaxonomy-3_2.zip,bugTaxonomy/3rd iteration(result).xlsx,51.0
fse2021_an_exploratory_study_of_autopilot:976b07c250998feb,fse2021_an_exploratory_study_of_autopilot,PX4,https://github.com/PX4/Firmware/issues/8460,https://github.com/PX4/Firmware/issues/8460,,,,,,,,,,,,,,,"{""stage"": ""stage2""}",data/raw_stage1/fse2021_an_exploratory_study_of_autopilot/bugSetAndTaxonomy-3_2.zip,bugTaxonomy/3rd iteration(result).xlsx,52.0
fse2021_an_exploratory_study_of_autopilot:4bd18646faafc6b2,fse2021_an_exploratory_study_of_autopilot,PX4,https://github.com/PX4/Firmware/issues/8477,https://github.com/PX4/Firmware/issues/8477,,,,,,,,,,,,,,,"{""stage"": ""stage2""}",data/raw_stage1/fse2021_an_exploratory_study_of_autopilot/bugSetAndTaxonomy-3_2.zip,bugTaxonomy/3rd iteration(result).xlsx,53.0
fse2021_an_exploratory_study_of_autopilot:8dc3266def112123,fse2021_an_exploratory_study_of_autopilot,PX4,https://github.com/PX4/Firmware/issues/8508,https://github.com/PX4/Firmware/issues/8508,,,,,,,,,,,,,,,"{""stage"": ""stage2""}",data/raw_stage1/fse2021_an_exploratory_study_of_autopilot/bugSetAndTaxonomy-3_2.zip,bugTaxonomy/3rd iteration(result).xlsx,54.0
fse2021_an_exploratory_study_of_autopilot:4df167d887f8b94c,fse2021_an_exploratory_study_of_autopilot,PX4,https://github.com/PX4/Firmware/issues/8628,https://github.com/PX4/Firmware/issues/8628,,,,,,,,,,,,,,,"{""stage"": ""stage2""}",data/raw_stage1/fse2021_an_exploratory_study_of_autopilot/bugSetAndTaxonomy-3_2.zip,bugTaxonomy/3rd iteration(result).xlsx,55.0
fse2021_an_exploratory_study_of_autopilot:d17485a44dd66e2d,fse2021_an_exploratory_study_of_autopilot,PX4,https://github.com/PX4/Firmware/issues/8808,https://github.com/PX4/Firmware/issues/8808,,,,,,,,,,,,,,,"{""stage"": ""stage2""}",data/raw_stage1/fse2021_an_exploratory_study_of_autopilot/bugSetAndTaxonomy-3_2.zip,bugTaxonomy/3rd iteration(result).xlsx,56.0
fse2021_an_exploratory_study_of_autopilot:52a14c1822109fcd,fse2021_an_exploratory_study_of_autopilot,PX4,https://github.com/PX4/Firmware/issues/8930,https://github.com/PX4/Firmware/issues/8930,,,,,,,,,,,,,,,"{""stage"": ""stage2""}",data/raw_stage1/fse2021_an_exploratory_study_of_autopilot/bugSetAndTaxonomy-3_2.zip,bugTaxonomy/3rd iteration(result).xlsx,57.0
fse2021_an_exploratory_study_of_autopilot:509e9a2dd1df6d3b,fse2021_an_exploratory_study_of_autopilot,PX4,https://github.com/PX4/Firmware/issues/910,https://github.com/PX4/Firmware/issues/910,,,,,,,,,,,,,,,"{""stage"": ""stage2""}",data/raw_stage1/fse2021_an_exploratory_study_of_autopilot/bugSetAndTaxonomy-3_2.zip,bugTaxonomy/3rd iteration(result).xlsx,58.0
fse2021_an_exploratory_study_of_autopilot:615da24441bf5b00,fse2021_an_exploratory_study_of_autopilot,PX4,https://github.com/PX4/Firmware/issues/9151,https://github.com/PX4/Firmware/issues/9151,,,,,,,,,,,,,,,"{""stage"": ""stage2""}",data/raw_stage1/fse2021_an_exploratory_study_of_autopilot/bugSetAndTaxonomy-3_2.zip,bugTaxonomy/3rd iteration(result).xlsx,59.0
fse2021_an_exploratory_study_of_autopilot:239af4d01b358b40,fse2021_an_exploratory_study_of_autopilot,PX4,https://github.com/PX4/Firmware/issues/9300,https://github.com/PX4/Firmware/issues/9300,,,,,,,,,,,,,,,"{""stage"": ""stage2""}",data/raw_stage1/fse2021_an_exploratory_study_of_autopilot/bugSetAndTaxonomy-3_2.zip,bugTaxonomy/3rd iteration(result).xlsx,60.0
fse2021_an_exploratory_study_of_autopilot:417c7e20b13dad91,fse2021_an_exploratory_study_of_autopilot,PX4,https://github.com/PX4/Firmware/issues/9444,https://github.com/PX4/Firmware/issues/9444,,,,,,,,,,,,,,,"{""stage"": ""stage2""}",data/raw_stage1/fse2021_an_exploratory_study_of_autopilot/bugSetAndTaxonomy-3_2.zip,bugTaxonomy/3rd iteration(result).xlsx,61.0
fse2021_an_exploratory_study_of_autopilot:28a7a401496af61e,fse2021_an_exploratory_study_of_autopilot,PX4,https://github.com/PX4/Firmware/issues/9537,https://github.com/PX4/Firmware/issues/9537,,,,,,,,,,,,,,,"{""stage"": ""stage2""}",data/raw_stage1/fse2021_an_exploratory_study_of_autopilot/bugSetAndTaxonomy-3_2.zip,bugTaxonomy/3rd iteration(result).xlsx,62.0
fse2021_an_exploratory_study_of_autopilot:bc4d0036cf79c201,fse2021_an_exploratory_study_of_autopilot,PX4,https://github.com/PX4/Firmware/issues/9540,https://github.com/PX4/Firmware/issues/9540,,,,,,,,,,,,,,,"{""stage"": ""stage2""}",data/raw_stage1/fse2021_an_exploratory_study_of_autopilot/bugSetAndTaxonomy-3_2.zip,bugTaxonomy/3rd iteration(result).xlsx,63.0
fse2021_an_exploratory_study_of_autopilot:b1bd0a018035a6ab,fse2021_an_exploratory_study_of_autopilot,PX4,https://github.com/PX4/Firmware/issues/9713,https://github.com/PX4/Firmware/issues/9713,,,,,,,,,,,,,,,"{""stage"": ""stage2""}",data/raw_stage1/fse2021_an_exploratory_study_of_autopilot/bugSetAndTaxonomy-3_2.zip,bugTaxonomy/3rd iteration(result).xlsx,64.0
