paper_id,source_index,source_url,target_url,status,output_path,matched_symptom_column,matched_root_cause_column,reject_reason,error
ase2018_perflearner_learning_from_bug_reports,50,https://github.com/xha225/PerfLearner,https://api.github.com/repos/xha225/PerfLearner/contents,failed,,,,,HTTPError: HTTP Error 403: rate limit exceeded
ase2022_an_empirical_study_on_numerical,2,https://github.com/Jacob-yen/numerical_bugs_in_dl_programs,https://api.github.com/repos/Jacob-yen/numerical_bugs_in_dl_programs/contents,failed,,,,,HTTPError: HTTP Error 403: rate limit exceeded
ase2022_enriching_compiler_testing_with_real,28,https://github.com/drhaozhong/otherbugreport/blob/master/gccbugs.txt,https://raw.githubusercontent.com/drhaozhong/otherbugreport/master/gccbugs.txt,rejected,,,,"Missing required column(s): symptom, root cause",
ase2023_bugsc_a_highly_usable_real,22,https://github.com/Suresoft-GLaDOS/bugscpp,https://api.github.com/repos/Suresoft-GLaDOS/bugscpp/contents,failed,,,,,HTTPError: HTTP Error 403: rate limit exceeded
fse2020_bugsinpy_a_database_of_existing,42,https://github.com/soarsmu/BugsInPy,https://api.github.com/repos/soarsmu/BugsInPy/contents,failed,,,,,HTTPError: HTTP Error 403: rate limit exceeded
fse2021_benchmarking_automated_gui_testing_for,36,https://github.com/the-themis-benchmarks/home,https://api.github.com/repos/the-themis-benchmarks/home/contents,failed,,,,,HTTPError: HTTP Error 403: rate limit exceeded
fse2021_exposing_numerical_bugs_in_deep,35,https://github.com/Jacob-yen/GRIST,https://api.github.com/repos/Jacob-yen/GRIST/contents,failed,,,,,HTTPError: HTTP Error 403: rate limit exceeded
fse2024_detecting_creating_repairing_and_understandingindivisible,16,https://github.com/universetraveller/CatenaD4j,https://api.github.com/repos/universetraveller/CatenaD4j/contents,failed,,,,,HTTPError: HTTP Error 403: rate limit exceeded
fse2025_error_delayed_is_not_error,10,https://github.com/EH-Fixer/EH-Fixer/tree/main/Dataset,https://api.github.com/repos/EH-Fixer/EH-Fixer/contents/Dataset?ref=main,failed,,,,,HTTPError: HTTP Error 403: rate limit exceeded
icpc2022_a_study_of_single_statement,27,https://github.com/li-sui/miningSStuBs,https://api.github.com/repos/li-sui/miningSStuBs/contents,failed,,,,,HTTPError: HTTP Error 403: rate limit exceeded
icpc2023_understanding_bugs_in_multi_language,21,https://github.com/Mining-DLF/Understanding-Bugs-in-DLFs,https://api.github.com/repos/Mining-DLF/Understanding-Bugs-in-DLFs/contents,failed,,,,,HTTPError: HTTP Error 403: rate limit exceeded
icpc2025_improved_ir_based_bug_localization,14,https://github.com/asifsamir/BRaIn/blob/master/Data/Refined_B4BL.json,https://raw.githubusercontent.com/asifsamir/BRaIn/master/Data/Refined_B4BL.json,rejected,,,,No JSON object with required columns found.,
icpc2025_sembug_detecting_logic_bugs_in,15,https://github.com/Syang111/SemBug,https://api.github.com/repos/Syang111/SemBug/contents,failed,,,,,HTTPError: HTTP Error 403: rate limit exceeded
icse2019_recdroid_automatically_reproducing_android_application,43,https://github.com/AndroidTestBugReport/ReCDroid,https://api.github.com/repos/AndroidTestBugReport/ReCDroid/contents,failed,,,,,HTTPError: HTTP Error 403: rate limit exceeded
icse2020_the_forgotten_case_of_the,37,https://github.com/robust-rosin/robust,https://api.github.com/repos/robust-rosin/robust/contents,failed,,,,,HTTPError: HTTP Error 403: rate limit exceeded
icse2021_depowl_detecting_dependency_bugs_to,32,https://github.com/ZhouyangJia/DepOwl,https://api.github.com/repos/ZhouyangJia/DepOwl/contents,failed,,,,,HTTPError: HTTP Error 403: rate limit exceeded
icse2021_iot_bugs_and_development_challenges,33,https://github.com/IoTSEstudy/IoTbugschallenges,https://api.github.com/repos/IoTSEstudy/IoTbugschallenges/contents,failed,,,,,HTTPError: HTTP Error 403: rate limit exceeded
icse2022_perfsig_extracting_performance_bug_signatures,25,https://github.com/jhe16/PerfSig,https://api.github.com/repos/jhe16/PerfSig/contents,failed,,,,,HTTPError: HTTP Error 403: rate limit exceeded
icse2023_an_empirical_study_on_bugs,4,https://github.com/datasetsharing/pytorchbugdataset,https://api.github.com/repos/datasetsharing/pytorchbugdataset/contents,failed,,,,,HTTPError: HTTP Error 403: rate limit exceeded
issta2018_an_empirical_study_on_tensorflow,47,https://github.com/ForeverZyh/TensorFlow-Program-Bugs/tree/master/Datasets,https://api.github.com/repos/ForeverZyh/TensorFlow-Program-Bugs/contents/Datasets?ref=master,failed,,,,,HTTPError: HTTP Error 403: rate limit exceeded
issta2020_automated_classification_of_actions_in,39,https://github.com/sakura182/Maca,https://api.github.com/repos/sakura182/Maca/contents,failed,,,,,HTTPError: HTTP Error 403: rate limit exceeded
issta2021_finding_data_compatibility_bugs_withjson,34,https://github.com/ibm/jsonsubschema,https://api.github.com/repos/ibm/jsonsubschema/contents,failed,,,,,HTTPError: HTTP Error 403: rate limit exceeded
msr2018_bugs_jar_a_large_scale,51,https://github.com/bugs-dot-jar/bugs-dot-jar,https://api.github.com/repos/bugs-dot-jar/bugs-dot-jar/contents,failed,,,,,HTTPError: HTTP Error 403: rate limit exceeded
msr2019_a_benchmark_of_data_loss,46,https://gitlab.com/learnERC/DataLossRepository,https://gitlab.com/learnERC/DataLossRepository/-/archive/main/DataLossRepository-main.zip,rejected,,,,Unsupported candidate extension: .zip.,
msr2019_a_benchmark_of_data_loss,46,https://gitlab.com/learnERC/DataLossRepository,https://gitlab.com/learnERC/DataLossRepository/-/archive/master/DataLossRepository-master.zip,rejected,,,,Unsupported candidate extension: .zip.,
msr2020_how_often_do_single_statement,41,https://doi.org/10.5281/zenodo.3653444,https://zenodo.org/api/records/3653444/files/topJavaMavenProjects.csv/content,rejected,,,,"Missing required column(s): symptom, root cause",
msr2020_how_often_do_single_statement,41,https://doi.org/10.5281/zenodo.3653444,https://zenodo.org/api/records/3653444/files/README.txt/content,rejected,,,,"Missing required column(s): symptom, root cause",
msr2020_how_often_do_single_statement,41,https://doi.org/10.5281/zenodo.3653444,https://zenodo.org/api/records/3653444/files/bugsLarge/content,rejected,,,,Unsupported candidate extension: <none>.,
msr2020_how_often_do_single_statement,41,https://doi.org/10.5281/zenodo.3653444,https://zenodo.org/api/records/3653444/files/topProjects.csv/content,rejected,,,,"Missing required column(s): symptom, root cause",
msr2020_how_often_do_single_statement,41,https://doi.org/10.5281/zenodo.3653444,https://zenodo.org/api/records/3653444/files/sstubs/content,rejected,,,,Unsupported candidate extension: <none>.,
msr2020_how_often_do_single_statement,41,https://doi.org/10.5281/zenodo.3653444,https://zenodo.org/api/records/3653444/files/sstubsLarge/content,rejected,,,,Unsupported candidate extension: <none>.,
msr2020_how_often_do_single_statement,41,https://doi.org/10.5281/zenodo.3653444,https://zenodo.org/api/records/3653444/files/bugs/content,rejected,,,,Unsupported candidate extension: <none>.,
msr2020_how_often_do_single_statement,41,https://doi.org/10.5281/zenodo.3653444,https://zenodo.org/api/records/3653444/files/license_text/content,rejected,,,,Unsupported candidate extension: <none>.,
msr2022_ecench_an_energy_bug_benchmark,29,https://github.com/pinguskku/ECench,https://api.github.com/repos/pinguskku/ECench/contents,failed,,,,,HTTPError: HTTP Error 403: rate limit exceeded
msr2024_bugsphp_a_dataset_for_automated,19,https://github.com/EmInReLab/bugsPHP,https://api.github.com/repos/EmInReLab/bugsPHP/contents,failed,,,,,HTTPError: HTTP Error 403: rate limit exceeded
msr2024_gitbug_java_a_reproducible_benchmark,18,https://github.com/gitbugactions/gitbug-java/tree/main/data/bugs,https://api.github.com/repos/gitbugactions/gitbug-java/contents/data/bugs?ref=main,failed,,,,,HTTPError: HTTP Error 403: rate limit exceeded
msr2025_its_about_time_an_empirical,6,https://github.com/cmu-pasta/date-time/tree/main/analysis/data,https://api.github.com/repos/cmu-pasta/date-time/contents/analysis/data?ref=main,failed,,,,,HTTPError: HTTP Error 403: rate limit exceeded
